{
    "loss": 0.9928284883499146,
    "accuracy": 0.8965517282485962
}